{"cameraMode":{"drawMode":0,"name":"Shaded","section":"Shading Mode"},"sceneLighting":true,"audioPlay":false,"sceneViewState":{"showFog":true,"showMaterialUpdate":false,"showSkybox":true,"showFlares":true,"showImageEffects":true,"showParticleSystems":true},"in2DMode":false,"pivot":{"x":-0.01967310905456543,"y":1.873161792755127,"z":-0.037791311740875247},"rotation":{"x":0.02567722462117672,"y":0.9692875146865845,"z":-0.11572279036045075,"w":0.21572765707969666},"size":1.9409760236740113,"orthographic":false}